Id,Prediction
2000,882
2001,1102
2002,1102
2003,1001
2004,1603
2005,2301
2006,722
2007,1504
2008,6700
2009,5403
2010,1301
2011,856
2012,765
2013,1304
2014,2301
2015,9204
2016,1201
2017,1800
2018,1101
2019,2300
2020,1203
2021,1103
2022,931
2023,2004
2024,1400
2025,9000
2026,1603
2027,1102
2028,1700
2029,4302
2030,2700
2031,4504
2032,2400
2033,746
2034,5304
2035,2202
2036,698
2037,3403
2038,1602
2039,1203
2040,637
2041,1004
2042,2003
2043,703
2044,3801
2045,1102
2046,1203
2047,928
2048,17100
2049,5302
2050,1101
2051,1102
2052,822
2053,12800
2054,1304
2055,830
2056,2104
2057,899
2058,1404
2059,968
2060,1501
2061,1801
2062,814
2063,947
2064,698
2065,508
2066,956
2067,1700
2068,1100
2069,2902
2070,531
2071,4002
2072,1304
2073,1701
2074,399
2075,795
2076,8303
2077,1400
2078,3603
2079,4303
2080,8704
2081,1904
2082,1301
2083,1103
2084,802
2085,1703
2086,1501
2087,725
2088,899
2089,23902
2090,4803
2091,1103
2092,2002
2093,2000
2094,904
2095,1402
2096,268
2097,895
2098,1101
2099,3301
2100,1401
2101,524
2102,1604
2103,1102
2104,29901
2105,706
2106,689
2107,1402
2108,726
2109,987
2110,2403
2111,1500
2112,12700
2113,1503
2114,865
2115,1500
2116,1201
2117,7700
2118,376
2119,2603
2120,5603
2121,1900
2122,2902
2123,2704
2124,2503
2125,1200
2126,1102
2127,1401
2128,2002
2129,543
2130,3402
2131,1501
2132,5903
2133,2004
2134,1204
2135,9701
2136,760
2137,2501
2138,10300
2139,3001
2140,798
2141,4502
2142,3701
2143,538
2144,15801
2145,724
2146,798
2147,1201
2148,867
2149,1404
2150,1700
2151,16904
2152,4103
2153,1101
2154,893
2155,914
2156,978
2157,1303
2158,6404
2159,1102
2160,1400
2161,629
2162,1503
2163,1404
2164,2401
2165,547
2166,2203
2167,1104
2168,343
2169,928
2170,5601
2171,3301
2172,824
2173,1402
2174,1501
2175,3901
2176,1404
2177,1702
2178,1202
2179,2001
2180,1100
2181,8802
2182,1404
2183,7304
2184,1703
2185,5000
2186,7204
2187,1700
2188,581
2189,2504
2190,4900
2191,1303
2192,1204
2193,3603
2194,1900
2195,2503
2196,1101
2197,9304
2198,1500
2199,1604
2200,1403
2201,847
2202,2004
2203,527
2204,3001
2205,3403
2206,1802
2207,1901
2208,1300
2209,1902
2210,820
2211,662
2212,1501
2213,713
2214,1701
2215,17703
2216,19201
2217,797
2218,479
2219,9101
2220,880
2221,3302
2222,8500
2223,1904
2224,2401
2225,7302
2226,13902
2227,2000
2228,2501
2229,1303
2230,1102
2231,527
2232,26900
2233,2204
2234,935
2235,2500
2236,9603
2237,2303
2238,822
2239,1102
2240,1104
2241,1900
2242,866
2243,692
2244,1103
2245,2304
2246,2400
2247,2202
2248,1002
2249,1301
2250,1504
2251,4304
2252,1204
2253,764
2254,762
2255,2902
2256,1504
2257,786
2258,474
2259,8700
2260,2700
2261,2204
2262,3201
2263,3000
2264,2103
2265,4603
2266,2302
2267,2303
2268,1401
2269,4404
2270,2004
2271,1604
2272,3202
2273,1000
2274,880
2275,1404
2276,10802
2277,1203
2278,2000
2279,1601
2280,840
2281,699
2282,1102
2283,662
2284,703
2285,5801
2286,2503
2287,1904
2288,1004
2289,935
2290,1903
2291,3001
2292,862
2293,2202
2294,2804
2295,1402
2296,1203
2297,884
2298,601
2299,1301
2300,596
2301,3801
2302,1001
2303,956
2304,2902
2305,817
2306,774
2307,868
2308,1500
2309,4803
2310,1504
2311,1704
2312,570
2313,1602
2314,405
2315,1101
2316,1003
2317,10802
2318,1000
2319,544
2320,1002
2321,2303
2322,1703
2323,1404
2324,1904
2325,529
2326,573
2327,753
2328,931
2329,4301
2330,334
2331,2002
2332,1102
2333,1501
2334,1101
2335,1102
2336,8200
2337,3301
2338,2901
2339,6601
2340,2400
2341,2302
2342,8902
2343,1502
2344,923
2345,6103
2346,877
2347,824
2348,700
2349,1200
2350,983
2351,1702
2352,3000
2353,1900
2354,1100
2355,822
2356,1402
2357,1203
2358,1101
2359,1404
2360,1401
2361,4501
2362,842
2363,3500
2364,772
2365,2401
2366,1302
2367,1004
2368,1601
2369,1204
2370,1302
2371,927
2372,1102
2373,1900
2374,854
2375,907
2376,1902
2377,3901
2378,1400
2379,462
2380,3601
2381,21000
2382,16104
2383,5104
2384,1803
2385,995
2386,448
2387,6502
2388,845
2389,1700
2390,1903
2391,1104
2392,1004
2393,11904
2394,1800
2395,1303
2396,880
2397,887
2398,1201
2399,918
2400,1200
2401,1402
2402,938
2403,897
2404,1904
2405,3703
2406,691
2407,639
2408,14902
2409,1004
2410,767
2411,2004
2412,12303
2413,232
2414,4701
2415,872
2416,904
2417,753
2418,2201
2419,751
2420,1304
2421,2603
2422,2102
2423,709
2424,1101
2425,6201
2426,1101
2427,904
2428,3701
2429,2201
2430,1401
2431,972
2432,813
2433,1301
2434,962
2435,1301
2436,4802
2437,908
2438,221
2439,1000
2440,911
2441,3602
2442,2604
2443,915
2444,1203
2445,1100
2446,2403
2447,3302
2448,2500
2449,747
2450,5000
2451,6102
2452,466
2453,2403
2454,1900
2455,793
2456,941
2457,1101
2458,2202
2459,5904
2460,20800
2461,2500
2462,1001
2463,1803
2464,1202
2465,1201
2466,1103
2467,1004
2468,550
2469,525
2470,1802
2471,1300
2472,1904
2473,1201
2474,4701
2475,5804
2476,1103
2477,675
2478,1100
2479,2500
2480,913
2481,2301
2482,927
2483,2704
2484,827
2485,664
2486,4300
2487,3804
2488,1004
2489,4201
2490,2001
2491,1600
2492,1200
2493,1901
2494,1503
2495,704
2496,1302
2497,823
2498,1603
2499,420
2500,2403
2501,988
2502,1103
2503,15600
2504,650
2505,1604
2506,701
2507,986
2508,739
2509,1801
2510,506
2511,5500
2512,4302
2513,1603
2514,1901
2515,672
2516,867
2517,2000
2518,825
2519,9601
2520,2900
2521,3202
2522,685
2523,851
2524,762
2525,1602
2526,4001
2527,3603
2528,1303
2529,752
2530,658
2531,1201
2532,1300
2533,3302
2534,1600
2535,5102
2536,1204
2537,1103
2538,941
2539,1104
2540,576
2541,1401
2542,851
2543,1301
2544,964
2545,1403
2546,706
2547,2103
2548,8400
2549,5301
2550,1103
2551,536
2552,831
2553,14400
2554,1103
2555,2200
2556,10004
2557,4400
2558,5401
2559,919
2560,1003
2561,11802
2562,1802
2563,1702
2564,768
2565,1202
2566,911
2567,7402
2568,1102
2569,996
2570,5803
2571,3700
2572,2901
2573,1703
2574,1001
2575,3800
2576,3204
2577,2704
2578,1102
2579,2004
2580,2301
2581,1000
2582,476
2583,1300
2584,760
2585,1702
2586,1703
2587,920
2588,3403
2589,3000
2590,2304
2591,658
2592,493
2593,1600
2594,720
2595,1000
2596,2901
2597,887
2598,3104
2599,827
2600,29301
2601,1202
2602,1304
2603,2602
2604,1801
2605,957
2606,796
2607,1300
2608,3900
2609,1304
2610,3304
2611,1400
2612,1402
2613,3400
2614,2902
2615,950
2616,1402
2617,5000
2618,628
2619,3304
2620,1202
2621,1201
2622,1603
2623,846
2624,1604
2625,1104
2626,1104
2627,995
2628,586
2629,1504
2630,6801
2631,824
2632,998
2633,1800
2634,5701
2635,2202
2636,1302
2637,1001
2638,1301
2639,648
2640,130
2641,1304
2642,1201
2643,2600
2644,7603
2645,845
2646,3602
2647,675
2648,3904
2649,4100
2650,3204
2651,3200
2652,1204
2653,1400
2654,1904
2655,1504
2656,9001
2657,665
2658,686
2659,480
2660,3502
2661,837
2662,728
2663,793
2664,1202
2665,3601
2666,4603
2667,1304
2668,2900
2669,16101
2670,6004
2671,2204
2672,5803
2673,1400
2674,1302
2675,1304
2676,1404
2677,849
2678,732
2679,1200
2680,870
2681,1100
2682,1804
2683,2103
2684,1401
2685,571
2686,780
2687,734
2688,732
2689,1201
2690,1500
2691,720
2692,1202
2693,3203
2694,9704
2695,1402
2696,26902
2697,926
2698,1301
2699,4800
2700,2601
2701,3701
2702,1500
2703,2102
2704,2201
2705,905
2706,1501
2707,1200
2708,1302
2709,1202
2710,94802
2711,18602
2712,1501
2713,3002
2714,952
2715,1401
2716,1901
2717,1600
2718,2100
2719,995
2720,909
2721,3404
2722,1103
2723,790
2724,1102
2725,1103
2726,995
2727,1201
2728,827
2729,1700
2730,1102
2731,3203
2732,1102
2733,1103
2734,1200
2735,150
2736,984
2737,6603
2738,1200
2739,21604
2740,912
2741,3001
2742,2803
2743,1503
2744,4202
2745,858
2746,865
2747,466
2748,938
2749,537
2750,3600
2751,1103
2752,740
2753,2903
2754,2100
2755,1102
2756,696
2757,1102
2758,1103
2759,1204
2760,1601
2761,793
2762,1002
2763,1703
2764,2201
2765,2801
2766,2502
2767,2800
2768,13400
2769,1201
2770,854
2771,17100
2772,15001
2773,2301
2774,9302
2775,889
2776,3902
2777,971
2778,1701
2779,1304
2780,1304
2781,1903
2782,791
2783,844
2784,782
2785,576
2786,965
2787,1104
2788,3000
2789,1100
2790,5404
2791,641
2792,1403
2793,1300
2794,1101
2795,1100
2796,1302
2797,908
2798,1101
2799,1001
2800,955
2801,1301
2802,746
2803,835
2804,2503
2805,1501
2806,1701
2807,850
2808,570
2809,935
2810,23600
2811,1201
2812,4001
2813,1302
2814,941
2815,1100
2816,1401
2817,1600
2818,1302
2819,1300
2820,5104
2821,651
2822,18901
2823,482
2824,2102
2825,3601
2826,691
2827,493
2828,6804
2829,1302
2830,987
2831,627
2832,1701
2833,1802
2834,4803
2835,3004
2836,1301
2837,754
2838,3501
2839,11701
2840,4804
2841,1302
2842,814
2843,15000
2844,697
2845,1704
2846,4303
2847,4800
2848,1703
2849,2800
2850,1501
2851,861
2852,832
2853,1402
2854,6503
2855,1604
2856,2103
2857,850
2858,1104
2859,15902
2860,8103
2861,5001
2862,2702
2863,2102
2864,586
2865,7503
2866,852
2867,662
2868,4003
2869,1101
2870,1704
2871,2904
2872,630
2873,2904
2874,8504
2875,1903
2876,896
2877,957
2878,5601
2879,2800
2880,1004
2881,831
2882,2600
2883,4004
2884,1104
2885,1101
2886,455
2887,5003
2888,1203
2889,718
2890,3503
2891,2703
2892,8803
2893,633
2894,956
2895,5804
2896,1100
2897,1400
2898,902
2899,2900
2900,880
2901,1204
2902,571
2903,1504
2904,890
2905,1204
2906,862
2907,1900
2908,10303
2909,8602
2910,4604
2911,6500
2912,14003
2913,1604
2914,857
2915,1301
2916,2701
2917,1101
2918,1503
2919,162
2920,1500
2921,591
2922,946
2923,1501
2924,733
2925,382
2926,1003
2927,1601
2928,3204
2929,492
2930,1503
2931,3400
2932,787
2933,2001
2934,1903
2935,970
2936,697
2937,1100
2938,991
2939,2804
2940,1601
2941,2100
2942,927
2943,2301
2944,2800
2945,1300
2946,1003
2947,3600
2948,11903
2949,1002
2950,378
2951,27902
2952,500
2953,36602
2954,4401
2955,943
2956,750
2957,1102
2958,704
2959,1803
2960,6403
2961,757
2962,752
2963,1601
2964,8003
2965,2004
2966,1000
2967,3600
2968,1201
2969,728
2970,1000
2971,917
2972,1802
2973,1900
2974,3702
2975,3002
2976,5404
2977,653
2978,943
2979,756
2980,658
2981,988
2982,640
2983,472
2984,16801
2985,1004
2986,904
2987,927
2988,1003
2989,16600
2990,2201
2991,851
2992,763
2993,1803
2994,3304
2995,1300
2996,1003
2997,1400
2998,911
2999,12003
3000,1000
3001,4404
3002,1802
3003,2400
3004,1200
3005,3000
3006,2200
3007,1304
3008,589
3009,1804
3010,3403
3011,1700
3012,575
3013,11704
3014,5304
3015,520
3016,798
3017,2001
3018,1302
3019,3004
3020,976
3021,814
3022,1202
3023,4902
3024,12403
3025,620
3026,1801
3027,1702
3028,2500
3029,536
3030,748
3031,3203
3032,666
3033,5403
3034,1102
3035,1102
3036,1302
3037,1202
3038,1300
3039,903
3040,1101
3041,871
3042,2701
3043,2804
3044,666
3045,1900
3046,1302
3047,1302
3048,1101
3049,2103
3050,713
3051,1000
3052,1200
3053,492
3054,4801
3055,520
3056,1203
3057,1000
3058,2102
3059,691
3060,914
3061,851
3062,1100
3063,1103
3064,1101
3065,4004
3066,7801
3067,511
3068,1603
3069,627
3070,1602
3071,733
3072,1701
3073,19501
3074,5804
3075,980
3076,2702
3077,426
3078,2404
3079,7900
3080,2904
3081,1802
3082,921
3083,2403
3084,898
3085,685
3086,18801
3087,5501
3088,2701
3089,1304
3090,983
3091,1501
3092,732
3093,1100
3094,1301
3095,1704
3096,3003
3097,5602
3098,3702
3099,881
3100,718
3101,392
3102,1701
3103,977
3104,744
3105,2200
3106,525
3107,933
3108,824
3109,1100
3110,12402
3111,15903
3112,2903
3113,673
3114,1104
3115,731
3116,581
3117,1602
3118,511
3119,2700
3120,1101
3121,1103
3122,2103
3123,3800
3124,1402
3125,5201
3126,79902
3127,11502
3128,1801
3129,5601
3130,5402
3131,1901
3132,586
3133,2604
3134,1501
3135,28202
3136,2101
3137,661
3138,8302
3139,4601
3140,2702
3141,4604
3142,1104
3143,5100
3144,1201
3145,851
3146,1301
3147,1304
3148,743
3149,709
3150,753
3151,1202
3152,1601
3153,1702
3154,355
3155,4501
3156,670
3157,1301
3158,5503
3159,750
3160,1800
3161,1403
3162,1103
3163,840
3164,3102
3165,2204
3166,551
3167,1004
3168,36703
3169,2503
3170,7102
3171,3103
3172,574
3173,1602
3174,680
3175,703
3176,1303
3177,962
3178,5304
3179,961
3180,3103
3181,894
3182,3302
3183,729
3184,10304
3185,1402
3186,1801
3187,1904
3188,851
3189,899
3190,9804
3191,4104
3192,815
3193,6702
3194,1802
3195,2901
3196,1404
3197,8102
3198,1300
3199,987
3200,904
3201,1500
3202,1404
3203,788
3204,15202
3205,3804
3206,1304
3207,8400
3208,2302
3209,1402
3210,6401
3211,1401
3212,2901
3213,1903
3214,599
3215,593
3216,16604
3217,4301
3218,1800
3219,774
3220,4603
3221,2004
3222,675
3223,1604
3224,2501
3225,2600
3226,3102
3227,1100
3228,948
3229,12401
3230,995
3231,2001
3232,3401
3233,2601
3234,1304
3235,664
3236,999
3237,673
3238,2301
3239,2103
3240,2803
3241,818
3242,965
3243,1400
3244,1504
3245,1600
3246,1702
3247,2301
3248,710
3249,1602
3250,2801
3251,761
3252,1403
3253,11904
3254,954
3255,986
3256,1504
3257,5302
3258,910
3259,6600
3260,1602
3261,814
3262,2701
3263,1300
3264,1300
3265,1002
3266,2002
3267,767
3268,3102
3269,3304
3270,741
3271,1600
3272,14402
3273,890
3274,1200
3275,3803
3276,1402
3277,1103
3278,1503
3279,4703
3280,2203
3281,858
3282,1202
3283,767
3284,14304
3285,943
3286,4203
3287,4500
3288,787
3289,1300
3290,3802
3291,2004
3292,5203
3293,804
3294,662
3295,567
3296,129
3297,862
3298,618
3299,951
3300,4604
3301,7604
3302,824
3303,984
3304,4502
3305,1804
3306,2603
3307,696
3308,5200
3309,1604
3310,898
3311,823
3312,723
3313,3100
3314,973
3315,1801
3316,2003
3317,5303
3318,629
3319,712
3320,1602
3321,2900
3322,1003
3323,14601
3324,8700
3325,3201
3326,1500
3327,10603
3328,1202
3329,462
3330,1604
3331,691
3332,475
3333,769
3334,2202
3335,1302
3336,2702
3337,1200
3338,2103
3339,3404
3340,1704
3341,1603
3342,1802
3343,1203
3344,765
3345,2103
3346,734
3347,2004
3348,4003
3349,1201
3350,1400
3351,1200
3352,1903
3353,5201
3354,10602
3355,1902
3356,619
3357,3003
3358,1101
3359,2604
3360,1904
3361,1002
3362,534
3363,1002
3364,661
3365,806
3366,8202
3367,1602
3368,1202
3369,3201
3370,2203
3371,1001
3372,7700
3373,1604
3374,3500
3375,12103
3376,6404
3377,1302
3378,903
3379,1702
3380,1204
3381,9504
3382,624
3383,1902
3384,1402
3385,32603
3386,965
3387,711
3388,967
3389,2102
3390,1102
3391,1802
3392,1301
3393,1503
3394,831
3395,2001
3396,2101
3397,1204
3398,1603
3399,893
3400,2600
3401,1104
3402,2203
3403,1203
3404,1700
3405,992
3406,6504
3407,1302
3408,1003
3409,23101
3410,591
3411,2401
3412,3701
3413,2403
3414,808
3415,1204
3416,1401
3417,2503
3418,2404
3419,1202
3420,778
3421,2502
3422,3602
3423,2404
3424,4204
3425,1203
3426,1102
3427,3304
3428,923
3429,8202
3430,4802
3431,1502
3432,855
3433,434
3434,1101
3435,1402
3436,5402
3437,450
3438,861
3439,4704
3440,2600
3441,1702
3442,1303
3443,719
3444,678
3445,647
3446,2804
3447,5803
3448,476
3449,5300
3450,19304
3451,3900
3452,963
3453,1201
3454,1003
3455,2002
3456,2204
3457,1403
3458,970
3459,4200
3460,14304
3461,1803
3462,8404
3463,6004
3464,581
3465,582
3466,1403
3467,1504
3468,1302
3469,784
3470,2001
3471,804
3472,10104
3473,1203
3474,1902
3475,2202
3476,1104
3477,904
3478,878
3479,1104
3480,1901
3481,586
3482,1900
3483,6202
3484,2101
3485,894
3486,17001
3487,1003
3488,957
3489,829
3490,1100
3491,2402
3492,4500
3493,977
3494,11502
3495,3104
3496,2303
3497,799
3498,405
3499,1303
3500,2204
3501,2903
3502,829
3503,1502
3504,1601
3505,791
3506,6002
3507,1803
3508,5401
3509,2904
3510,1902
3511,415
3512,709
3513,1301
3514,507
3515,712
3516,2300
3517,26801
3518,71901
3519,3704
3520,1402
3521,22304
3522,2403
3523,968
3524,690
3525,1301
3526,1504
3527,4704
3528,3304
3529,2500
3530,2101
3531,1703
3532,938
3533,911
3534,4603
3535,812
3536,2603
3537,1600
3538,2001
3539,1501
3540,1303
3541,2703
3542,11403
3543,1601
3544,437
3545,1103
3546,4200
3547,17601
3548,961
3549,1604
3550,3301
3551,738
3552,1701
3553,851
3554,705
3555,2402
3556,4902
3557,781
3558,2403
3559,903
3560,2302
3561,1104
3562,596
3563,1003
3564,1702
3565,780
3566,1303
3567,2902
3568,2002
3569,830
3570,6003
3571,3004
3572,838
3573,4100
3574,2802
3575,3400
3576,673
3577,680
3578,1503
3579,729
3580,878
3581,1404
3582,598
3583,2603
3584,857
3585,1504
3586,1603
3587,3200
3588,1801
3589,777
3590,1503
3591,759
3592,1604
3593,662
3594,6802
3595,11803
3596,2903
3597,1902
3598,1203
3599,9202
3600,636
3601,1503
3602,1403
3603,1400
3604,1004
3605,4402
3606,1701
3607,1200
3608,2101
3609,687
3610,1100
3611,4404
3612,1504
3613,917
3614,1001
3615,6103
3616,3401
3617,845
3618,1004
3619,4303
3620,2504
3621,2100
3622,1902
3623,727
3624,1304
3625,541
3626,1600
3627,1600
3628,1304
3629,6804
3630,1703
3631,8702
3632,2200
3633,1602
3634,494
3635,1601
3636,9200
3637,1604
3638,4003
3639,1003
3640,1301
3641,920
3642,8104
3643,7903
3644,790
3645,776
3646,939
3647,5201
3648,2301
3649,952
3650,3900
3651,773
3652,2503
3653,1103
3654,870
3655,758
3656,1404
3657,2602
3658,621
3659,1601
3660,3402
3661,558
3662,4901
3663,4800
3664,4000
3665,1703
3666,5000
3667,788
3668,13903
3669,2603
3670,2801
3671,3800
3672,1501
3673,6602
3674,1700
3675,1302
3676,1604
3677,1503
3678,2204
3679,6504
3680,3104
3681,965
3682,889
3683,888
3684,1104
3685,1100
3686,3303
3687,954
3688,1702
3689,710
3690,739
3691,2601
3692,1001
3693,1003
3694,2300
3695,1402
3696,1600
3697,1801
3698,701
3699,7400
3700,1402
3701,1003
3702,916
3703,4703
3704,17601
3705,719
3706,1100
3707,3701
3708,2404
3709,1404
3710,1404
3711,941
3712,3304
3713,1501
3714,2304
3715,1502
3716,1001
3717,2204
3718,1002
3719,2700
3720,895
3721,598
3722,1500
3723,1103
3724,1100
3725,714
3726,7102
3727,6402
3728,911
3729,913
3730,858
3731,1201
3732,7802
3733,2004
3734,1503
3735,14103
3736,1702
3737,923
3738,768
3739,1204
3740,1301
3741,1304
3742,4402
3743,769
3744,1202
3745,3101
3746,3203
3747,9404
3748,635
3749,884
3750,865
3751,1201
3752,884
3753,1402
3754,2000
3755,1402
3756,1804
3757,32203
3758,3503
3759,1804
3760,976
3761,3201
3762,2600
3763,486
3764,809
3765,1001
3766,952
3767,858
3768,1000
3769,545
3770,2503
3771,4001
3772,1100
3773,1603
3774,1602
3775,1300
3776,2002
3777,1100
3778,1703
3779,2301
3780,991
3781,3301
3782,783
3783,1203
3784,16300
3785,755
3786,846
3787,609
3788,6301
3789,2104
3790,397
3791,5102
3792,6801
3793,1403
3794,2003
3795,583
3796,2800
3797,15802
3798,1001
3799,863
3800,5102
3801,944
3802,3302
3803,1101
3804,2901
3805,3102
3806,672
3807,1500
3808,747
3809,6100
3810,653
3811,1102
3812,13103
3813,943
3814,1403
3815,3003
3816,8404
3817,2803
3818,2804
3819,2402
3820,1502
3821,1302
3822,738
3823,1600
3824,3002
3825,2500
3826,1601
3827,2002
3828,6704
3829,816
3830,920
3831,2404
3832,1801
3833,7900
3834,4802
3835,992
3836,1000
3837,1800
3838,1901
3839,736
3840,2900
3841,919
3842,2002
3843,5302
3844,807
3845,1900
3846,925
3847,880
3848,2004
3849,666
3850,1103
3851,1004
3852,1804
3853,1101
3854,1003
3855,2401
3856,1004
3857,967
3858,793
3859,4104
3860,1201
3861,1102
3862,3403
3863,984
3864,7402
3865,1904
3866,2304
3867,2001
3868,1004
3869,4604
3870,676
3871,2303
3872,802
3873,3800
3874,1504
3875,622
3876,1603
3877,6001
3878,19402
3879,602
3880,5401
3881,886
3882,2602
3883,4804
3884,6504
3885,2203
3886,1301
3887,7903
3888,2500
3889,18300
3890,13300
3891,1002
3892,3400
3893,7600
3894,1800
3895,545
3896,4900
3897,1102
3898,1503
3899,5100
3900,2604
3901,1603
3902,2601
3903,1903
3904,2001
3905,2102
3906,951
3907,1004
3908,3100
3909,948
3910,4404
3911,421
3912,4200
3913,2103
3914,1301
3915,10700
3916,1202
3917,693
3918,7204
3919,446
3920,6304
3921,2203
3922,1600
3923,9701
3924,52
3925,872
3926,1100
3927,828
3928,1100
3929,1601
3930,878
3931,570
3932,4704
3933,7001
3934,2402
3935,2302
3936,39503
3937,867
3938,980
3939,1503
3940,1402
3941,986
3942,16402
3943,1604
3944,1201
3945,1904
3946,1002
3947,1502
3948,2002
3949,935
3950,809
3951,909
3952,3102
3953,1202
3954,585
3955,984
3956,936
3957,828
3958,561
3959,807
3960,7600
3961,1304
3962,940
3963,10300
3964,3904
3965,2302
3966,1304
3967,840
3968,856
3969,913
3970,9902
3971,1301
3972,1100
3973,1402
3974,999
3975,1501
3976,3803
3977,410
3978,557
3979,1102
3980,1104
3981,11402
3982,1104
3983,14301
3984,603
3985,1202
3986,1403
3987,4000
3988,2002
3989,1002
3990,979
3991,824
3992,3201
3993,634
3994,12300
3995,1304
3996,1501
3997,515
3998,928
3999,4001
4000,1301
4001,953
4002,2704
4003,953
4004,1902
4005,844
4006,352
4007,564
4008,3304
4009,4103
4010,1003
4011,8301
4012,1000
4013,1002
4014,4000
4015,1202
4016,578
4017,1203
4018,1102
4019,945
4020,3200
4021,376
4022,16200
4023,722
4024,1803
4025,1103
4026,4002
4027,892
4028,674
4029,962
4030,1104
4031,1600
4032,826
4033,1003
4034,1903
4035,2200
4036,1504
4037,1000
4038,1301
4039,1500
4040,2001
4041,1800
4042,1304
4043,5502
4044,1202
4045,1102
4046,1701
4047,748
4048,962
4049,557
4050,1303
4051,1900
4052,1601
4053,4301
4054,1401
4055,5902
4056,892
4057,1004
4058,926
4059,654
4060,1103
4061,3104
4062,11901
4063,808
4064,1304
4065,1600
4066,1702
4067,1600
4068,3101
4069,2701
4070,4101
4071,1103
4072,932
4073,640
4074,1603
4075,2204
4076,803
4077,3104
4078,964
4079,993
4080,489
4081,4900
4082,1104
4083,1800
4084,1300
4085,1002
4086,3001
4087,754
4088,833
4089,927
4090,3004
4091,2504
4092,1602
4093,855
4094,7903
4095,4303
4096,1103
4097,583
4098,52101
4099,2402
4100,1800
4101,944
4102,1703
4103,3104
4104,1700
4105,14401
4106,488
4107,1603
4108,3803
4109,24201
4110,989
4111,490
4112,2001
4113,1301
4114,5704
4115,459
4116,2602
4117,3203
4118,862
4119,764
4120,1202
4121,1201
4122,1000
4123,1704
4124,5801
4125,3502
4126,905
4127,1200
4128,919
4129,948
4130,1600
4131,1302
4132,1101
4133,1602
4134,1800
4135,3602
4136,562
4137,571
4138,744
4139,811
4140,2303
4141,779
4142,1201
4143,4701
4144,533
4145,10100
4146,533
4147,2003
4148,790
4149,1801
4150,1203
4151,2302
4152,2003
4153,1102
4154,1902
4155,1804
4156,2503
4157,4301
4158,725
4159,3000
4160,4404
4161,1804
4162,873
4163,4602
4164,4001
4165,1304
4166,1302
4167,1001
4168,3002
4169,21403
4170,580
4171,1202
4172,6502
4173,2704
4174,1101
4175,601
4176,551
4177,1402
4178,1602
4179,578
4180,1502
4181,4602
4182,1103
4183,1001
4184,1401
4185,1801
4186,15400
4187,4500
4188,557
4189,1403
4190,900
4191,920
4192,44303
4193,3303
4194,1901
4195,844
4196,3404
4197,2303
4198,1102
4199,677
4200,1603
4201,1101
4202,1601
4203,56901
4204,730
4205,736
4206,2100
4207,922
4208,307
4209,3702
4210,6704
4211,1802
4212,287
4213,962
4214,4903
4215,863
4216,2201
4217,16600
4218,3401
4219,2301
4220,8002
4221,3304
4222,1603
4223,2501
4224,3002
4225,1004
4226,648
4227,1302
4228,7204
4229,1501
4230,942
4231,1501
4232,1701
4233,1903
4234,1703
4235,1703
4236,1804
4237,754
4238,4604
4239,1800
4240,1303
4241,574
4242,783
4243,1500
4244,3000
4245,805
4246,1504
4247,6003
4248,1502
4249,3500
4250,4504
4251,616
4252,6504
4253,1403
4254,1000
4255,1601
4256,5502
4257,2501
4258,1302
4259,1403
4260,7100
4261,2603
4262,926
4263,1203
4264,4102
4265,1201
4266,3302
4267,6400
4268,646
4269,1402
4270,720
4271,7901
4272,1100
4273,1204
4274,1104
4275,15500
4276,797
4277,1100
4278,2004
4279,2500
4280,730
4281,7304
4282,879
4283,1000
4284,1202
4285,7204
4286,1901
4287,4000
4288,839
4289,1104
4290,1403
4291,1901
4292,962
4293,2000
4294,2101
4295,727
4296,5204
4297,1504
4298,840
4299,2200
4300,3404
4301,1403
4302,1002
4303,1602
4304,1303
4305,2900
4306,1604
4307,633
4308,1903
4309,10401
4310,1102
4311,1601
4312,430
4313,1600
4314,1204
4315,1103
4316,104100
4317,840
4318,2601
4319,5502
4320,6204
4321,1404
4322,861
4323,1700
4324,2504
4325,992
4326,5903
4327,2403
4328,1201
4329,5801
4330,1801
4331,1301
4332,11102
4333,8304
4334,740
4335,7703
4336,1100
4337,77601
4338,1103
4339,1202
4340,27801
4341,887
4342,204
4343,880
4344,1104
4345,700
4346,935
4347,2702
4348,1104
4349,24800
4350,882
4351,1104
4352,788
4353,1002
4354,1403
4355,2102
4356,1100
4357,3200
4358,588
4359,5400
4360,1303
4361,974
4362,4904
4363,939
4364,1100
4365,677
4366,656
4367,6403
4368,612
4369,2402
4370,5502
4371,40204
4372,1000
4373,864
4374,1300
4375,1201
4376,956
4377,78604
4378,1202
4379,639
4380,592
4381,9203
4382,1103
4383,653
4384,620
4385,2404
4386,867
4387,1701
4388,1204
4389,878
4390,775
4391,1804
4392,1302
4393,2403
4394,894
4395,2100
4396,1102
4397,1000
4398,1002
4399,3803
4400,931
4401,1304
4402,645
4403,885
4404,623
4405,1302
4406,804
4407,725
4408,578
4409,1502
4410,3402
4411,899
4412,1304
4413,1600
4414,6600
4415,2502
4416,728
4417,1204
4418,1101
4419,4203
4420,1604
4421,423
4422,1301
4423,2300
4424,1501
4425,3604
4426,1702
4427,4504
4428,3704
4429,1203
4430,1101
4431,2604
4432,867
4433,1102
4434,4100
4435,461
4436,3000
4437,1703
4438,1804
4439,768
4440,2700
4441,1801
4442,1100
4443,3901
4444,1202
4445,9300
4446,2003
4447,1104
4448,1101
4449,4901
4450,1301
4451,609
4452,1203
4453,974
4454,841
4455,820
4456,3001
4457,913
4458,903
4459,825
4460,899
4461,2003
4462,775
4463,720
4464,610
4465,1904
4466,1301
4467,5900
4468,5201
4469,1904
4470,10003
4471,982
4472,2103
4473,2004
4474,2201
4475,525
4476,1802
4477,11603
4478,4403
4479,1204
4480,7103
4481,2203
4482,2300
4483,1502
4484,3402
4485,1304
4486,5800
4487,1001
4488,8601
4489,4800
4490,5201
4491,3901
4492,843
4493,4004
4494,519
4495,3801
4496,2000
4497,916
4498,2303
4499,1004
4500,1001
4501,1100
4502,897
4503,631
4504,764
4505,745
4506,1700
4507,3104
4508,1903
4509,2104
4510,3800
4511,713
4512,2500
4513,994
4514,570
4515,745
4516,986
4517,1301
4518,5403
4519,2802
4520,1001
4521,766
4522,2103
4523,927
4524,937
4525,667
4526,942
4527,1101
4528,4200
4529,1503
4530,32001
4531,2600
4532,895
4533,1301
4534,2104
4535,1301
4536,547
4537,2301
4538,1401
4539,2000
4540,1803
4541,810
4542,4004
4543,2904
4544,17000
4545,2001
4546,2700
4547,977
4548,1003
4549,1504
4550,1104
4551,918
4552,1300
4553,3100
4554,6600
4555,1500
4556,1102
4557,1302
4558,2204
4559,2304
4560,15904
4561,710
4562,5804
4563,846
4564,821
4565,605
4566,5204
4567,5300
4568,1103
4569,356
4570,1101
4571,1103
4572,2601
4573,13704
4574,785
4575,671
4576,633
4577,1603
4578,992
4579,863
4580,2300
4581,1704
4582,614
4583,3303
4584,1301
4585,1601
4586,6104
4587,780
4588,807
4589,4102
4590,924
4591,556
4592,2402
4593,1301
4594,8201
4595,967
4596,2704
4597,815
4598,671
4599,3401
4600,829
4601,1602
4602,1700
4603,1303
4604,1104
4605,1401
4606,1304
4607,609
4608,954
4609,3001
4610,1202
4611,927
4612,5801
4613,1102
4614,867
4615,863
4616,438
4617,1402
4618,3801
4619,2103
4620,2002
4621,840
4622,770
4623,1402
4624,1102
4625,1203
4626,1202
4627,97203
4628,502
4629,1001
4630,2203
4631,1104
4632,3504
4633,1400
4634,2502
4635,1202
4636,1004
4637,2804
4638,7604
4639,11500
4640,1102
4641,654
4642,768
4643,1604
4644,3401
4645,3704
4646,1304
4647,1202
4648,971
4649,2202
4650,499
4651,470
4652,966
4653,2704
4654,1004
4655,1204
4656,1103
4657,9501
4658,882
4659,1703
4660,3201
4661,549
4662,1401
4663,1502
4664,4503
4665,1402
4666,1004
4667,1200
4668,3002
4669,1403
4670,5103
4671,4304
4672,1000
4673,31701
4674,1203
4675,1704
4676,2003
4677,1503
4678,886
4679,1400
4680,755
4681,1102
4682,3004
4683,1300
4684,4203
4685,3303
4686,1002
4687,1103
4688,1600
4689,732
4690,3101
4691,709
4692,2102
4693,5000
4694,787
4695,1001
4696,1203
4697,38701
4698,1600
4699,1404
4700,5201
4701,915
4702,1400
4703,60303
4704,1100
4705,3702
4706,2202
4707,865
4708,1504
4709,1603
4710,790
4711,944
4712,897
4713,11301
4714,546
4715,1701
4716,3603
4717,1101
4718,1404
4719,2302
4720,800
4721,3504
4722,1204
4723,1803
4724,1300
4725,2703
4726,2001
4727,3403
4728,830
4729,1202
4730,919
4731,2002
4732,95401
4733,690
4734,1303
4735,926
4736,1602
4737,1903
4738,1404
4739,613
4740,4901
4741,5403
4742,1404
4743,1803
4744,2402
4745,891
4746,1103
4747,2202
4748,1203
4749,3200
4750,687
4751,878
4752,906
4753,1801
4754,2602
4755,2002
4756,70602
4757,4304
4758,1400
4759,2004
4760,2801
4761,777
4762,3301
4763,1101
4764,534
4765,4503
4766,7700
4767,2301
4768,1301
4769,931
4770,762
4771,670
4772,4003
4773,1501
4774,1100
4775,1702
4776,1402
4777,975
4778,9103
4779,1601
4780,779
4781,762
4782,1300
4783,1604
4784,1702
4785,1500
4786,705
4787,1601
4788,5404
4789,1501
4790,819
4791,5504
4792,1700
4793,2700
4794,2202
4795,1801
4796,1400
4797,1200
4798,926
4799,444
4800,2300
4801,1103
4802,4001
4803,1901
4804,737
4805,791
4806,760
4807,529
4808,1403
4809,3200
4810,1303
4811,3101
4812,1202
4813,1701
4814,2303
4815,828
4816,490
4817,5703
4818,1702
4819,50603
4820,6601
4821,13901
4822,2604
4823,4602
4824,2500
4825,2000
4826,2102
4827,12504
4828,2500
4829,1500
4830,988
4831,1204
4832,3204
4833,813
4834,7202
4835,986
4836,400
4837,1201
4838,1403
4839,2401
4840,1703
4841,2201
4842,1103
4843,2400
4844,1103
4845,1402
4846,3101
4847,1102
4848,2703
4849,3104
4850,1603
4851,6200
4852,281
4853,6004
4854,530
4855,2701
4856,3802
4857,2004
4858,1900
4859,877
4860,2004
4861,1700
4862,14704
4863,2002
4864,2504
4865,1301
4866,18604
4867,2801
4868,959
4869,2303
4870,3203
4871,952
4872,8100
4873,6904
4874,3100
4875,877
4876,865
4877,1301
4878,6702
4879,582
4880,10200
4881,1101
4882,2300
4883,1204
4884,874
4885,2304
4886,863
4887,3202
4888,4903
4889,2900
4890,11801
4891,478
4892,5404
4893,714
4894,890
4895,988
4896,566
4897,1503
4898,1003
4899,2400
4900,1103
4901,540
4902,1904
4903,2304
4904,3300
4905,1704
4906,16103
4907,5102
4908,3301
4909,2503
4910,2504
4911,3001
4912,691
4913,971
4914,98
4915,939
4916,1400
4917,729
4918,635
4919,396
4920,799
4921,843
4922,1503
4923,2402
4924,7501
4925,2104
4926,1201
4927,2401
4928,785
4929,838
4930,1100
4931,1104
4932,3403
4933,2900
4934,1102
4935,792
4936,626
4937,3602
4938,623
4939,2502
4940,2900
4941,932
4942,769
4943,1204
4944,3301
4945,925
4946,1204
4947,958
4948,627
4949,452
4950,1903
4951,2402
4952,675
4953,943
4954,7402
4955,774
4956,921
4957,1004
4958,6402
4959,522
4960,4001
4961,4800
4962,2603
4963,7001
4964,1203
4965,5304
4966,1304
4967,921
4968,1102
4969,1600
4970,1304
4971,754
4972,5003
4973,983
4974,1201
4975,1200
4976,498
4977,691
4978,2303
4979,161
4980,370
4981,12802
4982,6201
4983,1400
4984,2101
4985,875
4986,1202
4987,756
4988,45400
4989,5401
4990,573
4991,4601
4992,1604
4993,482
4994,9001
4995,2500
4996,2500
4997,5801
4998,1500
4999,659
5000,3000
5001,1900
5002,406
5003,1204
5004,1102
5005,1303
5006,1704
5007,1604
5008,1402
5009,624
5010,14901
5011,1202
5012,1401
5013,672
5014,27101
5015,2504
5016,1302
5017,1703
5018,81
5019,1203
5020,1402
5021,607
5022,1102
5023,1404
5024,4000
5025,2902
5026,1403
5027,5904
5028,2201
5029,8802
5030,2704
5031,1204
5032,6201
5033,6204
5034,2100
5035,2001
5036,8701
5037,642
5038,1401
5039,921
5040,1204
5041,2203
5042,2402
5043,740
5044,1100
5045,2204
5046,1101
5047,792
5048,1300
5049,1501
5050,1200
5051,1502
5052,575
5053,851
5054,856
5055,1202
5056,1200
5057,963
5058,1400
5059,6400
5060,1104
5061,814
5062,6601
5063,4700
5064,2102
5065,1402
5066,1802
5067,767
5068,916
5069,8601
5070,624
5071,3802
5072,6904
5073,1904
5074,8504
5075,5201
5076,1104
5077,8601
5078,1504
5079,757
5080,780
5081,1103
5082,20402
5083,1403
5084,587
5085,2703
5086,2200
5087,10802
5088,778
5089,1004
5090,2702
5091,857
5092,39001
5093,1100
5094,1402
5095,2100
5096,1600
5097,1404
5098,3100
5099,1204
5100,1503
5101,783
5102,1301
5103,1801
5104,783
5105,4500
5106,5302
5107,1702
5108,802
5109,1303
5110,1301
5111,809
5112,1202
5113,2004
5114,998
5115,973
5116,822
5117,790
5118,1602
5119,8000
5120,856
5121,718
5122,3801
5123,904
5124,1501
5125,1104
5126,1000
5127,870
5128,1701
5129,4601
5130,678
5131,565
5132,1802
5133,931
5134,2603
5135,977
5136,685
5137,952
5138,4102
5139,758
5140,19900
5141,766
5142,1400
5143,1303
5144,133701
5145,2900
5146,2802
5147,1300
5148,20201
5149,1701
5150,2501
5151,7402
5152,1101
5153,9700
5154,2204
5155,606
5156,4202
5157,1504
5158,282
5159,2603
5160,1400
5161,601
5162,7901
5163,944
5164,4203
5165,3604
5166,3300
5167,919
5168,1100
5169,964
5170,3803
5171,4902
5172,2302
5173,2201
5174,1103
5175,4804
5176,3700
5177,708
5178,961
5179,941
5180,863
5181,889
5182,2604
5183,1801
5184,1300
5185,13804
5186,948
5187,1304
5188,1500
5189,8802
5190,1703
5191,2702
5192,1901
5193,762
5194,1503
5195,10501
5196,910
5197,952
5198,910
5199,199
5200,1704
5201,1101
5202,1201
5203,762
5204,1300
5205,1700
5206,902
5207,1101
5208,6102
5209,1104
5210,534
5211,1600
5212,1201
5213,1704
5214,3203
5215,2400
5216,809
5217,6800
5218,780
5219,2104
5220,1203
5221,2803
5222,1500
5223,9001
5224,1001
5225,19204
5226,681
5227,1304
5228,6403
5229,1201
5230,2104
5231,5604
5232,696
5233,641
5234,1102
5235,1800
5236,1303
5237,5704
5238,1404
5239,2102
5240,1800
5241,589
5242,827
5243,2800
5244,706
5245,17302
5246,77
5247,1000
5248,18401
5249,856
5250,3101
5251,1101
5252,982
5253,916
5254,1802
5255,916
5256,22804
5257,2100
5258,652
5259,8602
5260,2903
5261,8904
5262,1401
5263,1000
5264,729
5265,2002
5266,1302
5267,1300
5268,591
5269,3602
5270,1101
5271,961
5272,1501
5273,1700
5274,1002
5275,1201
5276,434
5277,367
5278,2603
5279,939
5280,1400
5281,1401
5282,923
5283,794
5284,1001
5285,7904
5286,6001
5287,1901
5288,1304
5289,2700
5290,1601
5291,679
5292,1002
5293,1500
5294,22602
5295,7501
5296,995
5297,552
5298,3803
5299,2704
5300,4601
5301,4703
5302,848
5303,784
5304,8900
5305,2000
5306,5703
5307,1500
5308,1102
5309,17803
5310,2500
5311,2603
5312,1300
5313,1803
5314,703
5315,838
5316,2200
5317,692
5318,2403
5319,1701
5320,974
5321,769
5322,28204
5323,16301
5324,821
5325,3801
5326,10303
5327,1902
5328,1603
5329,2701
5330,799
5331,525
5332,6503
5333,2204
5334,574
5335,2104
5336,3504
5337,3903
5338,2301
5339,3304
5340,5201
5341,1204
5342,5001
5343,17603
5344,1903
5345,4803
5346,858
5347,855
5348,1602
5349,6304
5350,713
5351,1100
5352,1301
5353,7502
5354,1402
5355,1003
5356,3702
5357,14902
5358,720
5359,1003
5360,965
5361,904
5362,1101
5363,766
5364,1004
5365,1104
5366,908
5367,801
5368,1503
5369,2501
5370,3703
5371,1600
5372,1100
5373,874
5374,1000
5375,11104
5376,7800
5377,1201
5378,744
5379,4004
5380,1204
5381,1900
5382,899
5383,2100
5384,10501
5385,940
5386,1103
5387,2903
5388,11503
5389,1801
5390,1303
5391,413
5392,2201
5393,1000
5394,706
5395,1202
5396,2200
5397,1801
5398,1201
5399,950
5400,1600
5401,2100
5402,542
5403,997
5404,1700
5405,700
5406,1101
5407,1902
5408,738
5409,2403
5410,41004
5411,6300
5412,720
5413,1603
5414,1500
5415,703
5416,1503
5417,8002
5418,954
5419,1401
5420,28002
5421,1104
5422,1200
5423,21204
5424,3203
5425,749
5426,1904
5427,2302
5428,4600
5429,3100
5430,1003
5431,1602
5432,591
5433,7702
5434,1102
5435,19801
5436,848
5437,791
5438,744
5439,9004
5440,2503
5441,927
5442,4101
5443,1402
5444,4904
5445,483
5446,1603
5447,6801
5448,1601
5449,2603
5450,1102
5451,3203
5452,3902
5453,542
5454,927
5455,757
5456,427
5457,1204
5458,1703
5459,1903
5460,963
5461,1500
5462,1202
5463,1502
5464,734
5465,3104
5466,2102
5467,921
5468,1802
5469,1201
5470,12500
5471,580
5472,3302
5473,940
5474,967
5475,128502
5476,2403
5477,1102
5478,20604
5479,1003
5480,981
5481,1403
5482,1300
5483,1103
5484,449
5485,2602
5486,1101
5487,3100
5488,769
5489,1203
5490,1003
5491,905
5492,1502
5493,586
5494,4500
5495,93
5496,867
5497,2400
5498,2103
5499,2204
5500,1203
5501,3600
5502,1803
5503,811
5504,2404
5505,33300
5506,826
5507,930
5508,806
5509,3202
5510,5701
5511,2403
5512,85
5513,6200
5514,17602
5515,1204
5516,1602
5517,2104
5518,3401
5519,933
5520,35104
5521,3100
5522,798
5523,1201
5524,2301
5525,2604
5526,4204
5527,486
5528,986
5529,772
5530,2501
5531,2201
5532,4500
5533,913
5534,813
5535,1902
5536,599
5537,828
5538,1903
5539,405
5540,4400
5541,857
5542,119
5543,5103
5544,1802
5545,2904
5546,2802
5547,1603
5548,1100
5549,2002
5550,2504
5551,1102
5552,1303
5553,1803
5554,690
5555,1300
5556,1100
5557,968
5558,2203
5559,1504
5560,585
5561,1300
5562,1400
5563,7001
5564,986
5565,2501
5566,65904
5567,3001
5568,1501
5569,1202
5570,344
5571,2202
5572,585
5573,8301
5574,8700
5575,1001
5576,3201
5577,723
5578,2701
5579,1901
5580,8901
5581,2402
5582,5102
5583,1702
5584,880
5585,695
5586,659
5587,1204
5588,2403
5589,966
5590,2203
5591,3804
5592,1804
5593,1501
5594,1104
5595,1801
5596,1503
5597,520
5598,4002
5599,2103
5600,1102
5601,1101
5602,1203
5603,599
5604,1601
5605,2802
5606,1401
5607,1104
5608,778
5609,206
5610,1002
5611,4901
5612,3002
5613,4704
5614,1103
5615,11402
5616,2603
5617,20001
5618,4202
5619,876
5620,2002
5621,1002
5622,1703
5623,1402
5624,2002
5625,823
5626,1003
5627,1002
5628,1802
5629,1203
5630,1100
5631,1804
5632,963
5633,1200
5634,822
5635,33901
5636,2901
5637,676
5638,1502
5639,1600
5640,351
5641,921
5642,1200
5643,2802
5644,98702
5645,2300
5646,161604
5647,844
5648,1802
5649,2102
5650,4204
5651,6902
5652,424
5653,3003
5654,2303
5655,1401
5656,3504
5657,1104
5658,755
5659,11404
5660,575
5661,5604
5662,1303
5663,1300
5664,4302
5665,1600
5666,7804
5667,3301
5668,1001
5669,15003
5670,758
5671,2504
5672,995
5673,23004
5674,1402
5675,618
5676,746
5677,3303
5678,1900
5679,1703
5680,3003
5681,887
5682,1500
5683,1402
5684,832
5685,928
5686,962
5687,11401
5688,11903
5689,693
5690,5203
5691,1302
5692,1104
5693,6602
5694,5101
5695,524
5696,1103
5697,5904
5698,2002
5699,1501
5700,1300
5701,1504
5702,3002
5703,848
5704,3700
5705,177
5706,5803
5707,3601
5708,468
5709,1401
5710,4800
5711,9104
5712,452
5713,960
5714,832
5715,1200
5716,450
5717,1001
5718,3802
5719,523
5720,1201
5721,3301
5722,957
5723,653
5724,4300
5725,1000
5726,48500
5727,2202
5728,1500
5729,2600
5730,1200
5731,1003
5732,1103
5733,1202
5734,3402
5735,30403
5736,3101
5737,40004
5738,1700
5739,24800
5740,5800
5741,843
5742,1901
5743,7601
5744,1000
5745,10000
5746,241
5747,2503
5748,26802
5749,1503
5750,1301
5751,1703
5752,2604
5753,12603
5754,657
5755,3603
5756,2702
5757,1104
5758,1701
5759,1502
5760,1400
5761,3801
5762,3000
5763,1003
5764,1201
5765,1204
5766,265
5767,2201
5768,19403
5769,5202
5770,3004
5771,2703
5772,645
5773,2803
5774,1103
5775,1402
5776,4300
5777,620
5778,1400
5779,489
5780,3504
5781,2403
5782,2003
5783,1402
5784,6603
5785,2103
5786,991
5787,2503
5788,798
5789,1303
5790,972
5791,1500
5792,218
5793,514
5794,10403
5795,1800
5796,1400
5797,940
5798,2002
5799,2000
5800,661
5801,806
5802,11201
5803,876
5804,1000
5805,605
5806,3604
5807,2300
5808,2401
5809,1301
5810,1301
5811,18804
5812,187
5813,3401
5814,2304
5815,1200
5816,393
5817,1401
5818,502
5819,2100
5820,4203
5821,836
5822,1702
5823,1000
5824,2304
5825,3301
5826,5000
5827,538
5828,1202
5829,3204
5830,1102
5831,834
5832,1200
5833,4800
5834,1803
5835,1400
5836,1200
5837,1604
5838,675
5839,1901
5840,822
5841,3202
5842,782
5843,995
5844,573
5845,986
5846,1600
5847,10301
5848,3903
5849,2503
5850,1103
5851,3604
5852,1202
5853,13004
5854,623
5855,1100
5856,685
5857,691
5858,1102
5859,2003
5860,1100
5861,2204
5862,4004
5863,1800
5864,907
5865,1104
5866,641
5867,1604
5868,3902
5869,4201
5870,1603
5871,2001
5872,1304
5873,909
5874,1800
5875,8600
5876,638
5877,6402
5878,1301
5879,2104
5880,1101
5881,881
5882,2202
5883,710
5884,924
5885,2402
5886,3102
5887,2402
5888,26403
5889,1003
5890,4000
5891,1201
5892,1203
5893,1200
5894,4001
5895,2804
5896,880
5897,532
5898,2004
5899,7600
5900,4102
5901,1203
5902,1403
5903,3201
5904,2804
5905,1602
5906,701
5907,16101
5908,2001
5909,5204
5910,1201
5911,2304
5912,4803
5913,934
5914,2000
5915,721
5916,2500
5917,2001
5918,2003
5919,1003
5920,987
5921,2503
5922,1703
5923,1803
5924,967
5925,921
5926,1002
5927,1302
5928,3100
5929,5500
5930,1303
5931,940
5932,1600
5933,3403
5934,1101
5935,1401
5936,1100
5937,1803
5938,1203
5939,514
5940,1700
5941,954
5942,2000
5943,818
5944,1304
5945,902
5946,1600
5947,2304
5948,1000
5949,3801
5950,21000
5951,1702
5952,904
5953,880
5954,886
5955,2602
5956,6901
5957,1900
5958,4600
5959,1002
5960,1401
5961,928
5962,1104
5963,2302
5964,763
5965,806
5966,4301
5967,878
5968,1003
5969,1204
5970,710
5971,988
5972,26001
5973,1303
5974,666
5975,523
5976,2100
5977,820
5978,2701
5979,2402
5980,1502
5981,1501
5982,738
5983,1600
5984,1001
5985,3602
5986,25004
5987,2002
5988,871
5989,2701
5990,572
5991,1304
5992,1600
5993,1604
5994,3802
5995,49003
5996,453
5997,1703
5998,2000
5999,1304
6000,9103
6001,1300
6002,1300
6003,686
6004,1204
6005,892
6006,1203
6007,1301
6008,6300
6009,2403
6010,1104
6011,688
6012,1702
6013,1204
6014,902
6015,865
6016,1604
6017,1401
6018,1103
6019,2900
6020,3502
6021,1602
6022,1902
6023,985
6024,716
6025,7302
6026,1202
6027,908
6028,2303
6029,1101
6030,1102
6031,511
6032,208300
6033,1004
6034,3504
6035,13903
6036,1204
6037,12701
6038,1203
6039,3102
6040,1900
6041,3400
6042,67
6043,3900
6044,2504
6045,2000
6046,3601
6047,1604
6048,1103
6049,4401
6050,2100
6051,1102
6052,3604
6053,1100
6054,2700
6055,882
6056,1303
6057,2400
6058,11803
6059,2402
6060,12300
6061,1002
6062,1000
6063,2604
6064,956
6065,873
6066,2000
6067,2803
6068,2902
6069,608
6070,3502
6071,1502
6072,736
6073,2904
6074,1501
6075,1100
6076,648
6077,1600
6078,12100
6079,787
6080,3003
6081,5601
6082,674
6083,685
6084,2100
6085,2502
6086,1702
6087,5902
6088,995
6089,1903
6090,455
6091,925
6092,3402
6093,4002
6094,899
6095,751
6096,1304
6097,856
6098,1600
6099,622
6100,625
6101,613
6102,787
6103,854
6104,1303
6105,4202
6106,4800
6107,951
6108,1002
6109,1204
6110,714
6111,6502
6112,1602
6113,2202
6114,5600
6115,16204
6116,479
6117,1203
6118,3500
6119,5000
6120,921
6121,1603
6122,947
6123,1103
6124,707
6125,4602
6126,249
6127,1602
6128,573
6129,1401
6130,834
6131,2000
6132,596
6133,6600
6134,1904
6135,581
6136,1101
6137,1103
6138,2402
6139,807
6140,21204
6141,10401
6142,1202
6143,2204
6144,1501
6145,1302
6146,610
6147,1201
6148,1004
6149,1703
6150,5001
6151,7001
6152,1404
6153,633
6154,928
6155,819
6156,1402
6157,20702
6158,937
6159,1301
6160,1402
6161,1902
6162,986
6163,11801
6164,2903
6165,1104
6166,954
6167,2203
6168,7004
6169,854
6170,1103
6171,16301
6172,1003
6173,4602
6174,2702
6175,510
6176,1400
6177,1200
6178,975
6179,1903
6180,1203
6181,3401
6182,606
6183,2103
6184,954
6185,1101
6186,875
6187,806
6188,7300
6189,2304
6190,1502
6191,8804
6192,958
6193,966
6194,921
6195,1101
6196,589
6197,1102
6198,1403
6199,1203
6200,2703
6201,896
6202,838
6203,1603
6204,2204
6205,1801
6206,1403
6207,1201
6208,684
6209,1002
6210,1504
6211,4501
6212,811
6213,4103
6214,1604
6215,946
6216,5201
6217,8003
6218,30401
6219,1400
6220,5503
6221,2402
6222,1502
6223,2302
6224,792
6225,1104
6226,1204
6227,1404
6228,1204
6229,12300
6230,6704
6231,1104
6232,500
6233,2201
6234,1102
6235,2700
6236,1800
6237,1202
6238,1403
6239,2504
6240,6703
6241,680
6242,2604
6243,6900
6244,832
6245,1101
6246,750
6247,1501
6248,706
6249,2404
6250,1402
6251,1403
6252,576
6253,21904
6254,2502
6255,4502
6256,1501
6257,1203
6258,592
6259,4303
6260,1502
6261,962
6262,1302
6263,1703
6264,1800
6265,737
6266,674
6267,1403
6268,1200
6269,503
6270,1301
6271,1600
6272,2601
6273,2604
6274,1104
6275,1603
6276,4902
6277,5804
6278,1602
6279,1402
6280,1202
6281,7201
6282,3404
6283,8904
6284,4501
6285,2603
6286,540
6287,1203
6288,876
6289,2900
6290,2503
6291,2604
6292,1202
6293,204
6294,2700
6295,1703
6296,1303
6297,1103
6298,1104
6299,25901
6300,1203
6301,2503
6302,894
6303,1900
6304,1001
6305,914
6306,787
6307,1501
6308,1103
6309,2503
6310,1204
6311,2901
6312,2303
6313,2002
6314,4600
6315,713
6316,1403
6317,2902
6318,1801
6319,2502
6320,2204
6321,971
6322,4001
6323,1601
6324,7801
6325,1004
6326,1000
6327,590
6328,679
6329,730
6330,742
6331,829
6332,4904
6333,848
6334,1004
6335,722
6336,535
6337,1200
6338,3102
6339,1102
6340,12201
6341,799
6342,5503
6343,6102
6344,780
6345,1103
6346,1201
6347,885
6348,1402
6349,1502
6350,1201
6351,4004
6352,1102
6353,2503
6354,1002
6355,1302
6356,1200
6357,4502
6358,1803
6359,1902
6360,1101
6361,67804
6362,1100
6363,755
6364,1103
6365,3402
6366,799
6367,1703
6368,3804
6369,2204
6370,3500
6371,446
6372,1500
6373,15000
6374,4502
6375,621
6376,5502
6377,879
6378,459
6379,15602
6380,1802
6381,1003
6382,1301
6383,1204
6384,8203
6385,14001
6386,1502
6387,2600
6388,1500
6389,1700
6390,1604
6391,2500
6392,1302
6393,733
6394,8101
6395,105400
6396,3201
6397,10103
6398,6202
6399,2100
6400,859
6401,1501
6402,977
6403,936
6404,583
6405,846
6406,733
6407,3900
6408,3103
6409,619
6410,887
6411,6000
6412,2300
6413,937
6414,1000
6415,2703
6416,930
6417,15602
6418,654
6419,867
6420,1203
6421,1404
6422,623
6423,1104
6424,9104
6425,1801
6426,518
6427,1200
6428,5900
6429,787
6430,2400
6431,5102
6432,1702
6433,6001
6434,9302
6435,2300
6436,3002
6437,817
6438,3000
6439,1403
6440,2504
6441,16802
6442,1501
6443,1104
6444,1004
6445,708
6446,1200
6447,854
6448,1604
6449,879
6450,2003
6451,2604
6452,12500
6453,6901
6454,545
6455,1302
6456,1104
6457,3601
6458,1901
6459,1000
6460,3503
6461,1204
6462,1403
6463,1200
6464,3402
6465,874
6466,1002
6467,11204
6468,792
6469,2502
6470,23104
6471,871
6472,1301
6473,1003
6474,63302
6475,11104
6476,408
6477,1103
6478,1801
6479,1501
6480,1504
6481,4401
6482,2301
6483,2000
6484,2104
6485,798
6486,1403
6487,1204
6488,2103
6489,2502
6490,4504
6491,571
6492,8702
6493,727
6494,803
6495,1000
6496,1700
6497,709
6498,739
6499,1303
6500,1204
6501,689
6502,1800
6503,596
6504,5000
6505,5502
6506,1403
6507,721
6508,828
6509,4800
6510,10002
6511,681
6512,4301
6513,502
6514,1701
6515,1702
6516,1202
6517,780
6518,1504
6519,2800
6520,1104
6521,478
6522,12900
6523,2003
6524,1400
6525,1401
6526,1203
6527,5103
6528,4903
6529,2504
6530,34800
6531,3503
6532,693
6533,16803
6534,1403
6535,2601
6536,1203
6537,1702
6538,2104
6539,1700
6540,3403
6541,1201
6542,9104
6543,1403
6544,1602
6545,2204
6546,706
6547,2203
6548,1700
6549,795
6550,1802
6551,4501
6552,2500
6553,6003
6554,1100
6555,1104
6556,4600
6557,1804
6558,928
6559,1204
6560,1501
6561,928
6562,1304
6563,898
6564,1301
6565,645
6566,951
6567,793
6568,642
6569,2003
6570,44702
6571,822
6572,1401
6573,802
6574,1403
6575,1804
6576,1104
6577,6804
6578,1402
6579,1302
6580,732
6581,1203
6582,18301
6583,848
6584,1504
6585,3602
6586,827
6587,2101
6588,1801
6589,3200
6590,542
6591,1304
6592,439
6593,4500
6594,1500
6595,3004
6596,810
6597,755
6598,1000
6599,27601
6600,2800
6601,666
6602,3500
6603,1802
6604,1303
6605,838
6606,616
6607,1102
6608,1900
6609,606
6610,775
6611,812
6612,1100
6613,1502
6614,2303
6615,3003
6616,1500
6617,1301
6618,849
6619,6701
6620,1304
6621,3200
6622,985
6623,1103
6624,7302
6625,1902
6626,1300
6627,942
6628,4602
6629,1201
6630,2400
6631,889
6632,1002
6633,465
6634,1403
6635,1500
6636,2701
6637,5201
6638,1002
6639,720
6640,1202
6641,1703
6642,885
6643,577
6644,775
6645,3103
6646,12500
6647,902
6648,4103
6649,1003
6650,1803
6651,3303
6652,11302
6653,762
6654,852
6655,1703
6656,15304
6657,1102
6658,1104
6659,11700
6660,2900
6661,4304
6662,625
6663,1903
6664,939
6665,7504
6666,1800
6667,973
6668,679
6669,1004
6670,31400
6671,3204
6672,15702
6673,780
6674,5701
6675,1700
6676,3401
6677,3702
6678,4600
6679,792
6680,905
6681,1802
6682,973
6683,3000
6684,894
6685,1404
6686,506
6687,2102
6688,968
6689,1301
6690,43703
6691,982
6692,1403
6693,7700
6694,540
6695,2500
6696,1403
6697,11404
6698,985
6699,2002
6700,1901
6701,1503
6702,967
6703,1904
6704,1204
6705,3604
6706,726
6707,1103
6708,8501
6709,570
6710,1703
6711,6901
6712,9203
6713,10301
6714,792
6715,715
6716,1603
6717,7504
6718,2301
6719,2803
6720,1603
6721,118
6722,1200
6723,1302
6724,7400
6725,824
6726,8101
6727,1002
6728,715
6729,1000
6730,1104
6731,19304
6732,396
6733,8403
6734,1502
6735,3801
6736,1402
6737,1101
6738,2501
6739,914
6740,1302
6741,552
6742,11201
6743,1401
6744,1501
6745,1601
6746,598
6747,1404
6748,919
6749,1801
6750,897
6751,502
6752,1401
6753,1002
6754,3601
6755,2700
6756,623
6757,1702
6758,1102
6759,100303
6760,3102
6761,2300
6762,1604
6763,1100
6764,422
6765,3602
6766,576
6767,632
6768,1702
6769,1803
6770,1200
6771,1801
6772,3900
6773,1702
6774,1102
6775,946
6776,1202
6777,22004
6778,2402
6779,1200
6780,11103
6781,3801
6782,843
6783,6202
6784,1300
6785,905
6786,919
6787,2402
6788,2103
6789,4700
6790,2002
6791,1502
6792,2501
6793,2101
6794,1202
6795,1903
6796,3902
6797,897
6798,775
6799,625
6800,1100
6801,2300
6802,1303
6803,3501
6804,1101
6805,3004
6806,551
6807,10604
6808,8704
6809,1402
6810,169
6811,1502
6812,567
6813,10504
6814,1003
6815,3103
6816,1204
6817,2101
6818,1301
6819,2203
6820,1104
6821,874
6822,1102
6823,1503
6824,521
6825,1504
6826,3300
6827,2104
6828,960
6829,2602
6830,907
6831,699
6832,3901
6833,1301
6834,1301
6835,3902
6836,1302
6837,2701
6838,7603
6839,12702
6840,12503
6841,1602
6842,854
6843,1904
6844,780
6845,538
6846,4901
6847,3000
6848,2402
6849,937
6850,892
6851,4200
6852,726
6853,2301
6854,1402
6855,4301
6856,608
6857,21002
6858,1404
6859,1103
6860,3804
6861,1203
6862,1501
6863,5404
6864,931
6865,734
6866,2002
6867,1001
6868,3904
6869,725
6870,741
6871,633
6872,1404
6873,1003
6874,1903
6875,5100
6876,1601
6877,1404
6878,633
6879,120
6880,1301
6881,2601
6882,1103
6883,798
6884,533
6885,714
6886,1400
6887,1002
6888,2101
6889,998
6890,1201
6891,1402
6892,732
6893,995
6894,761
6895,5200
6896,4103
6897,1403
6898,960
6899,1100
6900,1800
6901,3902
6902,834
6903,1001
6904,1401
6905,1604
6906,5501
6907,1202
6908,1201
6909,3201
6910,3000
6911,825
6912,841
6913,3600
6914,1802
6915,730
6916,2603
6917,699
6918,1804
6919,10800
6920,1403
6921,1500
6922,909
6923,2701
6924,1203
6925,1204
6926,1403
6927,2301
6928,455
6929,2002
6930,12503
6931,1201
6932,2103
6933,3302
6934,980
6935,876
6936,1404
6937,2700
6938,2301
6939,11903
6940,1100
6941,3403
6942,1101
6943,878
6944,1100
6945,1302
6946,39200
6947,639
6948,933
6949,1104
6950,1800
6951,929
6952,1501
6953,1702
6954,1803
6955,764
6956,1004
6957,4700
6958,1100
6959,1503
6960,791
6961,1204
6962,4200
6963,799
6964,5804
6965,1104
6966,923
6967,12400
6968,1501
6969,143
6970,3504
6971,762
6972,935
6973,469
6974,1304
6975,1000
6976,1002
6977,1303
6978,753
6979,1702
6980,13101
6981,4101
6982,980
6983,1304
6984,3504
6985,39
6986,1303
6987,1002
6988,2704
6989,3703
6990,4202
6991,1501
6992,2302
6993,536
6994,26400
6995,1600
6996,1004
6997,1401
6998,902
6999,1204
